Marlboro,Estados Unidos
Lucky Strike,Estados Unidos
Camel,Estados Unidos
Pall Mall,Estados Unidos
Chesterfield,Estados Unidos
Winston,Estados Unidos
L&M,Estados Unidos
Rothmans,Reino Unido
Benson & Hedges,Reino Unido
John Player Special,Reino Unido
Dunhill,Reino Unido
Davidoff,Suiza
Montecristo,Cuba
Cohiba,Cuba
Partagas,Cuba
Romeo y Julieta,Cuba
H. Upmann,Cuba
Macanudo,República Dominicana
Arturo Fuente,República Dominicana
La Aurora,República Dominicana
Padron,Nicaragua
Oliva,Nicaragua
My Father,Nicaragua
Perdomo,Nicaragua
Plasencia,Honduras
Rocky Patel,Honduras
Alec Bradley,Honduras
Flor de Las Antillas,Honduras
Gurkha,India
Black & Mild,Estados Unidos
Backwoods,Estados Unidos
Swisher Sweets,Estados Unidos
Acid,Estados Unidos
Ashton,República Dominicana
CAO,Estados Unidos
Drew Estate,Nicaragua
Gispert,Honduras
La Flor Dominicana,República Dominicana
La Gloria Cubana,República Dominicana
La Palina,Estados Unidos
Montesino,República Dominicana
Nub,Nicaragua
Punch,Honduras
Rocky Patel,Nicaragua
Romeo y Julieta,República Dominicana
Saint Luis Rey,Honduras
Tatuaje,Estados Unidos
VegaFina,España
Villiger,Suiza
Bolivar,Cuba
Quai d'Orsay,Cuba
Trinidad,Cuba
Cuaba,Cuba
Hoyo de Monterrey,Cuba
San Cristobal de La Habana,Cuba
Balmoral,Países Bajos
Balmoral Anejo XO,Países Bajos
La Estrella Cubana,Estados Unidos
Caldwell,Estados Unidos
Casa Magna,Nicaragua
Crowned Heads,Estados Unidos
Dapper Cigar Co.,Estados Unidos
Diesel,Estados Unidos
El Rey del Mundo,Honduras
E.P. Carrillo,República Dominicana
Fonseca,Honduras
Fratello,Nicaragua
Griffins,República Dominicana
Herrera Estelí,Nicaragua
Joya de Nicaragua,Nicaragua
La Aurora Preferidos,República Dominicana
La Imperiosa,Nicaragua
Liga Privada,Estados Unidos
Mi Querida,Nicaragua
Nica Rustica,Nicaragua
Oliva Serie V,Nicaragua
Padilla,Nicaragua
RoMa Craft,Nicaragua
Room 101,Estados Unidos
Southern Draw,Nicaragua
Tabak Especial,Nicaragua
Undercrown,Nicaragua
Warped,Nicaragua
Zino,Suiza
Arturo Fuente,República Dominicana
Alec Bradley,Honduras
Ashton,República Dominicana
Backwoods,Estados Unidos
Balmoral,Países Bajos
Balmoral Anejo XO,Países Bajos
Benson & Hedges,Reino Unido
Black & Mild,Estados Unidos
Bolivar,Cuba
CAO,Estados Unidos
Camel,Estados Unidos
Caldwell,Estados Unidos
Casa Magna,Nicaragua
Chesterfield,Estados Unidos
Cohiba,Cuba
Crowned Heads,Estados Unidos
Cuaba,Cuba
Dapper Cigar Co.,Estados Unidos
Davidoff,Suiza
Diesel,Estados Unidos
Drew Estate,Nicaragua
Dunhill,Reino Unido
El Rey del Mundo,Honduras
E.P. Carrillo,República Dominicana
Flor de Las Antillas,Honduras
Fonseca,Honduras
Fratello,Nicaragua
Gispert,Honduras
Griffins,República Dominicana
Gurkha,India
H. Upmann,Cuba
Herrera Estelí,Nicaragua
Hoyo de Monterrey,Cuba
Joya de Nicaragua,Nicaragua
John Player Special,Reino Unido
La Aurora,República Dominicana
La Aurora Preferidos,República Dominicana
La Estrella Cubana,Estados Unidos
La Flor Dominicana,República Dominicana
La Gloria Cubana,República Dominicana
La Imperiosa,Nicaragua
La Palina,Estados Unidos
L&M,Estados Unidos
Liga Privada,Estados Unidos
Lucky Strike,Estados Unidos
Macanudo,República Dominicana
Mi Querida,Nicaragua
Montecristo,Cuba
Montesino,República Dominicana
My Father,Nicaragua
Nica Rustica,Nicaragua
Nub,Nicaragua
Oliva,Nicaragua
Oliva Serie V,Nicaragua
Padilla,Nicaragua
Padron,Nicaragua
Pall Mall,Estados Unidos
Partagas,Cuba
Perdomo,Nicaragua
Plasencia,Honduras
Punch,Honduras
Quai d'Orsay,Cuba
Romeo y Julieta,Cuba
Romeo y Julieta,República Dominicana
RoMa Craft,Nicaragua
Room 101,Estados Unidos
Saint Luis Rey,Honduras
San Cristobal de La Habana,Cuba
Southern Draw,Nicaragua
Swisher Sweets,Estados Unidos
Tabak Especial,Nicaragua
Tatuaje,Estados Unidos
Trinidad,Cuba
Undercrown,Nicaragua
VegaFina,España
Villiger,Suiza
Warped,Nicaragua
Zino,Suiza
